﻿<?xml version="1.0" encoding="utf-8"?>
<BreakpointCollection xmlns:xsi="http://www.w3.org/2001/XMLSchema-instance" xmlns:xsd="http://www.w3.org/2001/XMLSchema">
  <Breakpoints>
    <Breakpoint>
      <Version>15</Version>
      <IsEnabled>1</IsEnabled>
      <IsVisible>1</IsVisible>
      <IsEmulated>0</IsEmulated>
      <IsCondition>0</IsCondition>
      <IsProductionBps>0</IsProductionBps>
      <ConditionType>WhenTrue</ConditionType>
      <LocationType>SourceLocation</LocationType>
      <TextPosition>
        <Version>4</Version>
        <FileName>.\ConsoleUI\Program.cs</FileName>
        <startLine>30</startLine>
        <StartColumn>20</StartColumn>
        <EndLine>30</EndLine>
        <EndColumn>65</EndColumn>
        <MarkerId>0</MarkerId>
        <IsLineBased>0</IsLineBased>
        <IsDocumentPathNotFound>0</IsDocumentPathNotFound>
        <ShouldUpdateTextSpan>1</ShouldUpdateTextSpan>
        <Checksum>
          <Version>1</Version>
          <Algorithm>00000000-0000-0000-0000-000000000000</Algorithm>
          <ByteCount>0</ByteCount>
          <Bytes />
        </Checksum>
      </TextPosition>
      <NamedLocationText>ConsoleUI.Program.RunsALot()</NamedLocationText>
      <NamedLocationLine>14</NamedLocationLine>
      <NamedLocationColumn>0</NamedLocationColumn>
      <HitCountType>NoHitCount</HitCountType>
      <HitCountTarget>1</HitCountTarget>
      <Language>3f5162f8-07c6-11d3-9053-00c04fa302a1</Language>
      <IsMapped>0</IsMapped>
      <BreakpointType>PendingBreakpoint</BreakpointType>
      <AddressLocation>
        <Version>0</Version>
        <MarkerId>0</MarkerId>
        <FunctionLine>0</FunctionLine>
        <FunctionColumn>0</FunctionColumn>
        <Language>00000000-0000-0000-0000-000000000000</Language>
      </AddressLocation>
      <DataCount>4</DataCount>
      <IsTracepointActive>0</IsTracepointActive>
      <TracepointTargetType>VsOutputWindow</TracepointTargetType>
      <IsBreakWhenHit>1</IsBreakWhenHit>
      <IsRunMacroWhenHit>0</IsRunMacroWhenHit>
      <UseChecksum>1</UseChecksum>
      <Labels>OutputInfo</Labels>
      <RequestRemapped>0</RequestRemapped>
      <IsSnapshotWhenHit>1</IsSnapshotWhenHit>
      <SnapshotCountTarget>1</SnapshotCountTarget>
      <parentIndex>-1</parentIndex>
    </Breakpoint>
    <Breakpoint>
      <Version>15</Version>
      <IsEnabled>1</IsEnabled>
      <IsVisible>1</IsVisible>
      <IsEmulated>0</IsEmulated>
      <IsCondition>0</IsCondition>
      <IsProductionBps>0</IsProductionBps>
      <ConditionType>WhenTrue</ConditionType>
      <LocationType>SourceLocation</LocationType>
      <TextPosition>
        <Version>4</Version>
        <FileName>.\ConsoleUI\Program.cs</FileName>
        <startLine>34</startLine>
        <StartColumn>12</StartColumn>
        <EndLine>34</EndLine>
        <EndColumn>57</EndColumn>
        <MarkerId>0</MarkerId>
        <IsLineBased>0</IsLineBased>
        <IsDocumentPathNotFound>0</IsDocumentPathNotFound>
        <ShouldUpdateTextSpan>1</ShouldUpdateTextSpan>
        <Checksum>
          <Version>1</Version>
          <Algorithm>00000000-0000-0000-0000-000000000000</Algorithm>
          <ByteCount>0</ByteCount>
          <Bytes />
        </Checksum>
      </TextPosition>
      <NamedLocationText>ConsoleUI.Program.RunsALot()</NamedLocationText>
      <NamedLocationLine>18</NamedLocationLine>
      <NamedLocationColumn>0</NamedLocationColumn>
      <HitCountType>NoHitCount</HitCountType>
      <HitCountTarget>1</HitCountTarget>
      <Language>3f5162f8-07c6-11d3-9053-00c04fa302a1</Language>
      <IsMapped>0</IsMapped>
      <BreakpointType>PendingBreakpoint</BreakpointType>
      <AddressLocation>
        <Version>0</Version>
        <MarkerId>0</MarkerId>
        <FunctionLine>0</FunctionLine>
        <FunctionColumn>0</FunctionColumn>
        <Language>00000000-0000-0000-0000-000000000000</Language>
      </AddressLocation>
      <DataCount>4</DataCount>
      <IsTracepointActive>0</IsTracepointActive>
      <TracepointTargetType>VsOutputWindow</TracepointTargetType>
      <IsBreakWhenHit>1</IsBreakWhenHit>
      <IsRunMacroWhenHit>0</IsRunMacroWhenHit>
      <UseChecksum>1</UseChecksum>
      <Labels>OutputInfo</Labels>
      <RequestRemapped>0</RequestRemapped>
      <IsSnapshotWhenHit>1</IsSnapshotWhenHit>
      <SnapshotCountTarget>1</SnapshotCountTarget>
      <parentIndex>-1</parentIndex>
    </Breakpoint>
    <Breakpoint>
      <Version>15</Version>
      <IsEnabled>1</IsEnabled>
      <IsVisible>1</IsVisible>
      <IsEmulated>0</IsEmulated>
      <IsCondition>0</IsCondition>
      <IsProductionBps>0</IsProductionBps>
      <ConditionType>WhenTrue</ConditionType>
      <LocationType>SourceLocation</LocationType>
      <TextPosition>
        <Version>4</Version>
        <FileName>.\ConsoleUI\Program.cs</FileName>
        <startLine>19</startLine>
        <StartColumn>12</StartColumn>
        <EndLine>19</EndLine>
        <EndColumn>25</EndColumn>
        <MarkerId>0</MarkerId>
        <IsLineBased>0</IsLineBased>
        <IsDocumentPathNotFound>0</IsDocumentPathNotFound>
        <ShouldUpdateTextSpan>1</ShouldUpdateTextSpan>
        <Checksum>
          <Version>1</Version>
          <Algorithm>00000000-0000-0000-0000-000000000000</Algorithm>
          <ByteCount>0</ByteCount>
          <Bytes />
        </Checksum>
      </TextPosition>
      <NamedLocationText>ConsoleUI.Program.RunsALot()</NamedLocationText>
      <NamedLocationLine>3</NamedLocationLine>
      <NamedLocationColumn>0</NamedLocationColumn>
      <HitCountType>NoHitCount</HitCountType>
      <HitCountTarget>1</HitCountTarget>
      <Language>3f5162f8-07c6-11d3-9053-00c04fa302a1</Language>
      <IsMapped>0</IsMapped>
      <BreakpointType>PendingBreakpoint</BreakpointType>
      <AddressLocation>
        <Version>0</Version>
        <MarkerId>0</MarkerId>
        <FunctionLine>0</FunctionLine>
        <FunctionColumn>0</FunctionColumn>
        <Language>00000000-0000-0000-0000-000000000000</Language>
      </AddressLocation>
      <DataCount>4</DataCount>
      <IsTracepointActive>0</IsTracepointActive>
      <TracepointTargetType>VsOutputWindow</TracepointTargetType>
      <IsBreakWhenHit>1</IsBreakWhenHit>
      <IsRunMacroWhenHit>0</IsRunMacroWhenHit>
      <UseChecksum>1</UseChecksum>
      <Labels>ValueCheck</Labels>
      <RequestRemapped>0</RequestRemapped>
      <IsSnapshotWhenHit>1</IsSnapshotWhenHit>
      <SnapshotCountTarget>1</SnapshotCountTarget>
      <parentIndex>-1</parentIndex>
    </Breakpoint>
    <Breakpoint>
      <Version>15</Version>
      <IsEnabled>1</IsEnabled>
      <IsVisible>1</IsVisible>
      <IsEmulated>0</IsEmulated>
      <IsCondition>0</IsCondition>
      <IsProductionBps>0</IsProductionBps>
      <ConditionType>WhenTrue</ConditionType>
      <LocationType>SourceLocation</LocationType>
      <TextPosition>
        <Version>4</Version>
        <FileName>.\ConsoleUI\Program.cs</FileName>
        <startLine>18</startLine>
        <StartColumn>12</StartColumn>
        <EndLine>18</EndLine>
        <EndColumn>27</EndColumn>
        <MarkerId>0</MarkerId>
        <IsLineBased>0</IsLineBased>
        <IsDocumentPathNotFound>0</IsDocumentPathNotFound>
        <ShouldUpdateTextSpan>1</ShouldUpdateTextSpan>
        <Checksum>
          <Version>1</Version>
          <Algorithm>00000000-0000-0000-0000-000000000000</Algorithm>
          <ByteCount>0</ByteCount>
          <Bytes />
        </Checksum>
      </TextPosition>
      <NamedLocationText>ConsoleUI.Program.RunsALot()</NamedLocationText>
      <NamedLocationLine>2</NamedLocationLine>
      <NamedLocationColumn>0</NamedLocationColumn>
      <HitCountType>NoHitCount</HitCountType>
      <HitCountTarget>1</HitCountTarget>
      <Language>3f5162f8-07c6-11d3-9053-00c04fa302a1</Language>
      <IsMapped>0</IsMapped>
      <BreakpointType>PendingBreakpoint</BreakpointType>
      <AddressLocation>
        <Version>0</Version>
        <MarkerId>0</MarkerId>
        <FunctionLine>0</FunctionLine>
        <FunctionColumn>0</FunctionColumn>
        <Language>00000000-0000-0000-0000-000000000000</Language>
      </AddressLocation>
      <DataCount>4</DataCount>
      <IsTracepointActive>0</IsTracepointActive>
      <TracepointTargetType>VsOutputWindow</TracepointTargetType>
      <IsBreakWhenHit>1</IsBreakWhenHit>
      <IsRunMacroWhenHit>0</IsRunMacroWhenHit>
      <UseChecksum>1</UseChecksum>
      <Labels>ValueCheck</Labels>
      <RequestRemapped>0</RequestRemapped>
      <IsSnapshotWhenHit>1</IsSnapshotWhenHit>
      <SnapshotCountTarget>1</SnapshotCountTarget>
      <parentIndex>-1</parentIndex>
    </Breakpoint>
    <Breakpoint>
      <Version>15</Version>
      <IsEnabled>1</IsEnabled>
      <IsVisible>1</IsVisible>
      <IsEmulated>0</IsEmulated>
      <IsCondition>1</IsCondition>
      <IsProductionBps>0</IsProductionBps>
      <ConditionType>WhenTrue</ConditionType>
      <LocationType>SourceLocation</LocationType>
      <TextPosition>
        <Version>4</Version>
        <FileName>.\ConsoleUI\Program.cs</FileName>
        <startLine>26</startLine>
        <StartColumn>20</StartColumn>
        <EndLine>26</EndLine>
        <EndColumn>33</EndColumn>
        <MarkerId>0</MarkerId>
        <IsLineBased>0</IsLineBased>
        <IsDocumentPathNotFound>0</IsDocumentPathNotFound>
        <ShouldUpdateTextSpan>1</ShouldUpdateTextSpan>
        <Checksum>
          <Version>1</Version>
          <Algorithm>00000000-0000-0000-0000-000000000000</Algorithm>
          <ByteCount>0</ByteCount>
          <Bytes />
        </Checksum>
      </TextPosition>
      <NamedLocationText>ConsoleUI.Program.RunsALot()</NamedLocationText>
      <NamedLocationLine>10</NamedLocationLine>
      <NamedLocationColumn>0</NamedLocationColumn>
      <HitCountType>IsAMultipleOf</HitCountType>
      <HitCountTarget>50</HitCountTarget>
      <Language>3f5162f8-07c6-11d3-9053-00c04fa302a1</Language>
      <IsMapped>0</IsMapped>
      <BreakpointType>PendingBreakpoint</BreakpointType>
      <AddressLocation>
        <Version>0</Version>
        <MarkerId>0</MarkerId>
        <FunctionLine>0</FunctionLine>
        <FunctionColumn>0</FunctionColumn>
        <Language>00000000-0000-0000-0000-000000000000</Language>
      </AddressLocation>
      <DataCount>4</DataCount>
      <TracepointText>The value of i is { i }</TracepointText>
      <IsTracepointActive>1</IsTracepointActive>
      <TracepointTargetType>VsOutputWindow</TracepointTargetType>
      <IsBreakWhenHit>0</IsBreakWhenHit>
      <IsRunMacroWhenHit>0</IsRunMacroWhenHit>
      <UseChecksum>1</UseChecksum>
      <Labels />
      <RequestRemapped>0</RequestRemapped>
      <IsSnapshotWhenHit>1</IsSnapshotWhenHit>
      <SnapshotCountTarget>1</SnapshotCountTarget>
      <parentIndex>-1</parentIndex>
    </Breakpoint>
    <Breakpoint>
      <Version>15</Version>
      <IsEnabled>1</IsEnabled>
      <IsVisible>1</IsVisible>
      <IsEmulated>0</IsEmulated>
      <IsCondition>0</IsCondition>
      <IsProductionBps>0</IsProductionBps>
      <ConditionType>WhenTrue</ConditionType>
      <LocationType>SourceLocation</LocationType>
      <TextPosition>
        <Version>4</Version>
        <FileName>.\ConsoleUI\Program.cs</FileName>
        <startLine>23</startLine>
        <StartColumn>16</StartColumn>
        <EndLine>23</EndLine>
        <EndColumn>27</EndColumn>
        <MarkerId>0</MarkerId>
        <IsLineBased>0</IsLineBased>
        <IsDocumentPathNotFound>0</IsDocumentPathNotFound>
        <ShouldUpdateTextSpan>1</ShouldUpdateTextSpan>
        <Checksum>
          <Version>1</Version>
          <Algorithm>00000000-0000-0000-0000-000000000000</Algorithm>
          <ByteCount>0</ByteCount>
          <Bytes />
        </Checksum>
      </TextPosition>
      <NamedLocationText>ConsoleUI.Program.RunsALot()</NamedLocationText>
      <NamedLocationLine>7</NamedLocationLine>
      <NamedLocationColumn>0</NamedLocationColumn>
      <HitCountType>NoHitCount</HitCountType>
      <HitCountTarget>1</HitCountTarget>
      <Language>3f5162f8-07c6-11d3-9053-00c04fa302a1</Language>
      <IsMapped>0</IsMapped>
      <BreakpointType>PendingBreakpoint</BreakpointType>
      <AddressLocation>
        <Version>0</Version>
        <MarkerId>0</MarkerId>
        <FunctionLine>0</FunctionLine>
        <FunctionColumn>0</FunctionColumn>
        <Language>00000000-0000-0000-0000-000000000000</Language>
      </AddressLocation>
      <DataCount>4</DataCount>
      <IsTracepointActive>0</IsTracepointActive>
      <TracepointTargetType>VsOutputWindow</TracepointTargetType>
      <IsBreakWhenHit>1</IsBreakWhenHit>
      <IsRunMacroWhenHit>0</IsRunMacroWhenHit>
      <UseChecksum>1</UseChecksum>
      <Labels />
      <RequestRemapped>0</RequestRemapped>
      <IsSnapshotWhenHit>1</IsSnapshotWhenHit>
      <SnapshotCountTarget>1</SnapshotCountTarget>
      <parentIndex>-1</parentIndex>
    </Breakpoint>
  </Breakpoints>
</BreakpointCollection>